component,rank,asset,loading,direction
PC1,1,300476 CH Equity,18.430373978706363,positive
PC1,2,300502 CH Equity,17.81273692927966,positive
PC1,3,300394 CH Equity,16.93596003502952,positive
PC1,4,300308 CH Equity,16.49202011964973,positive
PC1,5,688313 CH Equity,15.261950077463096,positive
PC1,6,002463 CH Equity,13.848057370461955,positive
PC1,7,300620 CH Equity,13.02654471312867,positive
PC1,8,688195 CH Equity,12.497286539319637,positive
PC1,9,603083 CH Equity,12.29473604362698,positive
PC1,10,002281 CH Equity,11.734604532685522,positive
PC2,1,300308 CH Equity,15.181405729060241,positive
PC2,2,688031 CH Equity,-14.809092346059987,negative
PC2,3,300502 CH Equity,14.621040794449693,positive
PC2,4,300394 CH Equity,13.829262825494464,positive
PC2,5,002463 CH Equity,12.757485143167118,positive
PC2,6,300476 CH Equity,11.43693796308907,positive
PC2,7,300229 CH Equity,-10.862816007992755,negative
PC2,8,601138 CH Equity,10.531823162733714,positive
PC2,9,601899 CH Equity,10.173745973153672,positive
PC2,10,300170 CH Equity,-9.827152258195367,negative
PC3,1,9880 HK Equity,41.222726872374466,positive
PC3,2,9988 HK Equity,19.895696801334562,positive
PC3,3,3690 HK Equity,18.569267167971145,positive
PC3,4,1810 HK Equity,17.990645448536508,positive
PC3,5,601689 CH Equity,6.240766262044569,positive
PC3,6,002050 CH Equity,6.013310178444412,positive
PC3,7,688017 CH Equity,5.941547445502675,positive
PC3,8,603662 CH Equity,5.616010513600154,positive
PC3,9,300946 CH Equity,5.453112309559624,positive
PC3,10,300918 CH Equity,4.920277209787884,positive
PC4,1,300118 CH Equity,12.693738092450786,positive
PC4,2,688503 CH Equity,12.297467725880699,positive
PC4,3,688599 CH Equity,11.463930782694014,positive
PC4,4,300842 CH Equity,11.072783528054563,positive
PC4,5,300274 CH Equity,10.81605851925506,positive
PC4,6,300724 CH Equity,9.972112995742709,positive
PC4,7,002129 CH Equity,9.874625140007538,positive
PC4,8,603879 CH Equity,-9.688890998978982,negative
PC4,9,688556 CH Equity,9.671090694782917,positive
PC4,10,300393 CH Equity,9.536603589023539,positive
PC5,1,603879 CH Equity,14.081258100752654,positive
PC5,2,300260 CH Equity,-12.528351285392041,negative
PC5,3,603778 CH Equity,11.336727442692881,positive
PC5,4,002829 CH Equity,10.236598376213534,positive
PC5,5,688256 CH Equity,-10.183090608512225,negative
PC5,6,920179 CH Equity,-9.550590511828712,negative
PC5,7,688409 CH Equity,-9.459004881633577,negative
PC5,8,002413 CH Equity,9.158653861728856,positive
PC5,9,688981 CH Equity,-8.909982021810839,negative
PC5,10,300346 CH Equity,-8.749971409915945,negative
PC6,1,3690 HK Equity,12.369154821336984,positive
PC6,2,920493 CH Equity,11.765756379879965,positive
PC6,3,688017 CH Equity,-10.056667948608702,negative
PC6,4,300946 CH Equity,-10.03342269363825,negative
PC6,5,1810 HK Equity,10.022547358741036,positive
PC6,6,000737 CH Equity,-9.633633256369531,negative
PC6,7,9988 HK Equity,9.08075731869421,positive
PC6,8,920640 CH Equity,8.427336223337694,positive
PC6,9,603662 CH Equity,-8.423270623307818,negative
PC6,10,300952 CH Equity,-8.091441929231237,negative
PC7,1,9880 HK Equity,17.338633963004447,positive
PC7,2,300229 CH Equity,-9.575919091142504,negative
PC7,3,920493 CH Equity,-9.207143863219182,negative
PC7,4,300058 CH Equity,-8.82786963992517,negative
PC7,5,002829 CH Equity,7.956356498765726,positive
PC7,6,300442 CH Equity,-7.628404966832288,negative
PC7,7,300418 CH Equity,-7.552134694495808,negative
PC7,8,000547 CH Equity,7.536507920527116,positive
PC7,9,300170 CH Equity,-7.471261509842892,negative
PC7,10,688031 CH Equity,-7.27261869434961,negative
PC8,1,002716 CH Equity,-12.367449818934121,negative
PC8,2,000737 CH Equity,-12.16725285843658,negative
PC8,3,002050 CH Equity,9.330485690272587,positive
PC8,4,601689 CH Equity,8.119021482398654,positive
PC8,5,688195 CH Equity,-7.955165457373227,negative
PC8,6,688228 CH Equity,-7.894930412342394,negative
PC8,7,603879 CH Equity,-7.838878367800145,negative
PC8,8,300433 CH Equity,7.592372435144967,positive
PC8,9,688313 CH Equity,-7.547469834321092,negative
PC8,10,688171 CH Equity,-6.968365542394751,negative
PC9,1,9880 HK Equity,-17.853982646905,negative
PC9,2,1810 HK Equity,15.468398747633165,positive
PC9,3,3690 HK Equity,14.59733171824276,positive
PC9,4,603879 CH Equity,11.53190894216377,positive
PC9,5,300418 CH Equity,-7.77058829049549,negative
PC9,6,9988 HK Equity,6.986085667591445,positive
PC9,7,688110 CH Equity,6.712118387551748,positive
PC9,8,920179 CH Equity,6.337235243735285,positive
PC9,9,300952 CH Equity,5.74664529804524,positive
PC9,10,300058 CH Equity,-5.734712590905235,negative
PC10,1,603879 CH Equity,-13.508778546371122,negative
PC10,2,688256 CH Equity,-13.065569222532977,negative
PC10,3,920493 CH Equity,-9.909269937977339,negative
PC10,4,688041 CH Equity,-9.44039686563762,negative
PC10,5,920179 CH Equity,-8.333698959466275,negative
PC10,6,9880 HK Equity,-8.269479919674207,negative
PC10,7,3690 HK Equity,7.747621410469596,positive
PC10,8,9988 HK Equity,6.723030593357895,positive
PC10,9,603019 CH Equity,-5.559535205539612,negative
PC10,10,688102 CH Equity,5.4876831694469175,positive
PC11,1,920493 CH Equity,15.60518275871284,positive
PC11,2,920640 CH Equity,14.541815694976217,positive
PC11,3,920179 CH Equity,14.3195715946389,positive
PC11,4,000737 CH Equity,10.021797419057966,positive
PC11,5,002716 CH Equity,7.702552365617119,positive
PC11,6,688228 CH Equity,-6.4108359371740775,negative
PC11,7,603879 CH Equity,-6.2958858978937675,negative
PC11,8,603993 CH Equity,6.106791598568866,positive
PC11,9,601899 CH Equity,4.975201864273096,positive
PC11,10,300748 CH Equity,4.750666369557707,positive
PC12,1,300946 CH Equity,-12.961879840488058,negative
PC12,2,002829 CH Equity,10.145047088657284,positive
PC12,3,002085 CH Equity,8.496527440735981,positive
PC12,4,300260 CH Equity,-7.736957399533547,negative
PC12,5,300394 CH Equity,-7.542312246410361,negative
PC12,6,300502 CH Equity,-7.041762167660483,negative
PC12,7,688228 CH Equity,6.914003472519803,positive
PC12,8,000099 CH Equity,6.783243417795615,positive
PC12,9,300308 CH Equity,-6.438001824647242,negative
PC12,10,002241 CH Equity,5.394707207446591,positive
PC13,1,300394 CH Equity,-8.757473544460133,negative
PC13,2,688110 CH Equity,8.241366915363061,positive
PC13,3,920493 CH Equity,7.732261849081386,positive
PC13,4,300946 CH Equity,7.7019763056341315,positive
PC13,5,002085 CH Equity,-7.397083338110085,negative
PC13,6,688171 CH Equity,7.140844318656549,positive
PC13,7,688017 CH Equity,-6.9125569942001555,negative
PC13,8,688228 CH Equity,6.83415772949768,positive
PC13,9,000099 CH Equity,-6.8205992541256935,negative
PC13,10,300684 CH Equity,5.919675037444861,positive
PC14,1,688256 CH Equity,-12.482418387478186,negative
PC14,2,603879 CH Equity,10.401181470245078,positive
PC14,3,688110 CH Equity,-10.172718227015661,negative
PC14,4,300260 CH Equity,10.028629019070392,positive
PC14,5,688171 CH Equity,-6.848219091575716,negative
PC14,6,300655 CH Equity,6.289636116869186,positive
PC14,7,688041 CH Equity,-5.906846307056941,negative
PC14,8,1810 HK Equity,-5.393211515126911,negative
PC14,9,002085 CH Equity,5.386574257843816,positive
PC14,10,000099 CH Equity,5.199544379387343,positive
PC15,1,002085 CH Equity,12.431077436219306,positive
PC15,2,000099 CH Equity,9.618727051510314,positive
PC15,3,603879 CH Equity,-8.759898694793424,negative
PC15,4,688256 CH Equity,7.299536897763598,positive
PC15,5,002851 CH Equity,6.486777536307284,positive
PC15,6,300260 CH Equity,6.458889341115919,positive
PC15,7,920179 CH Equity,-5.763288333284695,negative
PC15,8,300918 CH Equity,5.365525870057719,positive
PC15,9,688262 CH Equity,-5.09338874000518,negative
PC15,10,002837 CH Equity,4.968335886904409,positive
PC16,1,300952 CH Equity,-9.335477837517132,negative
PC16,2,002851 CH Equity,-8.764808458006295,negative
PC16,3,688313 CH Equity,8.764784187293055,positive
PC16,4,920493 CH Equity,7.7194238731356775,positive
PC16,5,1810 HK Equity,7.401650611719547,positive
PC16,6,688110 CH Equity,-7.27171306838397,negative
PC16,7,300946 CH Equity,7.146529155697566,positive
PC16,8,3690 HK Equity,-6.960825232353774,negative
PC16,9,300432 CH Equity,6.112499906728356,positive
PC16,10,688195 CH Equity,6.060994187024084,positive
PC17,1,688228 CH Equity,11.831049941491822,positive
PC17,2,300476 CH Equity,-7.068326488050204,negative
PC17,3,002851 CH Equity,5.9131688943013545,positive
PC17,4,300952 CH Equity,-5.829683724708634,negative
PC17,5,300394 CH Equity,5.800010525133433,positive
PC17,6,688017 CH Equity,5.782332053145346,positive
PC17,7,002384 CH Equity,-5.618374820626435,negative
PC17,8,688256 CH Equity,-5.323464522429148,negative
PC17,9,603809 CH Equity,5.246834244365863,positive
PC17,10,603083 CH Equity,4.92937289064849,positive
PC18,1,688228 CH Equity,10.615579907534235,positive
PC18,2,603879 CH Equity,9.14090555474278,positive
PC18,3,300476 CH Equity,7.001839581425896,positive
PC18,4,920493 CH Equity,6.750506758502362,positive
PC18,5,601869 CH Equity,-6.74276966798725,negative
PC18,6,603778 CH Equity,-6.497140182261583,negative
PC18,7,688110 CH Equity,-6.448559719808606,negative
PC18,8,688195 CH Equity,-6.212526546965456,negative
PC18,9,688027 CH Equity,-6.019139958074193,negative
PC18,10,302132 CH Equity,5.267456689463014,positive
PC19,1,603778 CH Equity,9.029106937386247,positive
PC19,2,920640 CH Equity,-7.797800017698858,negative
PC19,3,300102 CH Equity,7.144007309892075,positive
PC19,4,300918 CH Equity,-6.694125801562265,negative
PC19,5,688027 CH Equity,-6.617066524973567,negative
PC19,6,000555 CH Equity,-6.275982957500999,negative
PC19,7,300751 CH Equity,5.927583264205254,positive
PC19,8,300433 CH Equity,5.804693395488714,positive
PC19,9,002716 CH Equity,5.195754123781104,positive
PC19,10,002384 CH Equity,5.06651501374833,positive
PC20,1,3690 HK Equity,-11.46298320266272,negative
PC20,2,603778 CH Equity,-9.373390130148394,negative
PC20,3,300102 CH Equity,8.944190405394615,positive
PC20,4,1810 HK Equity,8.869924889872603,positive
PC20,5,302132 CH Equity,-7.267660295909051,negative
PC20,6,300946 CH Equity,-7.226577221467692,negative
PC20,7,920640 CH Equity,-4.943160093993694,negative
PC20,8,688171 CH Equity,-4.749083262290542,negative
PC20,9,601179 CH Equity,4.743748843446704,positive
PC20,10,688027 CH Equity,-4.71314600771541,negative
PC21,1,688228 CH Equity,10.126230807192888,positive
PC21,2,688313 CH Equity,-7.6237704134333315,negative
PC21,3,300952 CH Equity,7.5095771900683586,positive
PC21,4,3690 HK Equity,-7.173242398311005,negative
PC21,5,300394 CH Equity,6.7681796542222346,positive
PC21,6,688110 CH Equity,6.535038760396529,positive
PC21,7,688102 CH Equity,-5.765478817220434,negative
PC21,8,002150 CH Equity,-5.407243444998889,negative
PC21,9,300918 CH Equity,4.921736455938901,positive
PC21,10,002085 CH Equity,4.848120255930531,positive
PC22,1,688256 CH Equity,-8.66826623735653,negative
PC22,2,688110 CH Equity,7.695590144755482,positive
PC22,3,603778 CH Equity,7.623071887120158,positive
PC22,4,688228 CH Equity,-6.77938424194618,negative
PC22,5,920640 CH Equity,-6.737981140862855,negative
PC22,6,1810 HK Equity,6.5410997612828465,positive
PC22,7,300946 CH Equity,-6.461758855522975,negative
PC22,8,3690 HK Equity,-6.368961534739373,negative
PC22,9,300952 CH Equity,-5.903071460594,negative
PC22,10,300102 CH Equity,-5.447277138844389,negative
PC23,1,688313 CH Equity,10.454335424160021,positive
PC23,2,300102 CH Equity,-8.811594457375461,negative
PC23,3,688031 CH Equity,7.749323887677036,positive
PC23,4,300842 CH Equity,6.09973394404518,positive
PC23,5,603083 CH Equity,-5.782158320250968,negative
PC23,6,002829 CH Equity,5.53547949723538,positive
PC23,7,002851 CH Equity,-5.3856634025097865,negative
PC23,8,300476 CH Equity,4.979111044052958,positive
PC23,9,688171 CH Equity,4.586054207243337,positive
PC23,10,688375 CH Equity,4.54292179518906,positive
PC24,1,300946 CH Equity,10.331731164273643,positive
PC24,2,1810 HK Equity,9.04780527719634,positive
PC24,3,3690 HK Equity,-8.936334668290268,negative
PC24,4,300918 CH Equity,-6.614926853577627,negative
PC24,5,688313 CH Equity,-5.489401108139673,negative
PC24,6,920493 CH Equity,-5.477985840901073,negative
PC24,7,603778 CH Equity,-5.4623460165074915,negative
PC24,8,300952 CH Equity,-5.2091688804905205,negative
PC24,9,002851 CH Equity,5.040471018122845,positive
PC24,10,920640 CH Equity,4.7638316131503835,positive
PC25,1,002829 CH Equity,-10.182887358444198,negative
PC25,2,688313 CH Equity,7.210607615365573,positive
PC25,3,000099 CH Equity,6.319195858205973,positive
PC25,4,300102 CH Equity,6.208046497822602,positive
PC25,5,603879 CH Equity,5.459774071798344,positive
PC25,6,603778 CH Equity,-5.4352262366791875,negative
PC25,7,002085 CH Equity,5.302196980346134,positive
PC25,8,300260 CH Equity,-5.136571755260904,negative
PC25,9,688110 CH Equity,4.882294074069339,positive
PC25,10,600111 CH Equity,4.781412995673337,positive
PC26,1,002829 CH Equity,-10.890674019378304,negative
PC26,2,601127 CH Equity,7.892518781553003,positive
PC26,3,300102 CH Equity,-7.621209811881363,negative
PC26,4,688171 CH Equity,6.701078551093238,positive
PC26,5,1810 HK Equity,6.077014484971873,positive
PC26,6,688027 CH Equity,5.231206632321902,positive
PC26,7,920640 CH Equity,5.185601007654712,positive
PC26,8,300442 CH Equity,-5.048157496092075,negative
PC26,9,920493 CH Equity,-4.381303479361381,negative
PC26,10,603879 CH Equity,4.35684221537109,positive
PC27,1,688031 CH Equity,11.706136538178377,positive
PC27,2,002015 CH Equity,-6.697711815577236,negative
PC27,3,302132 CH Equity,-6.2765917119428565,negative
PC27,4,300638 CH Equity,-5.928565762443518,negative
PC27,5,300918 CH Equity,-5.9278197949076725,negative
PC27,6,300946 CH Equity,5.740701122313233,positive
PC27,7,688110 CH Equity,5.338026167717314,positive
PC27,8,688195 CH Equity,-5.023468185626599,negative
PC27,9,605376 CH Equity,4.832444909387999,positive
PC27,10,300450 CH Equity,-4.255164171076649,negative
PC28,1,603778 CH Equity,8.423657396502653,positive
PC28,2,300684 CH Equity,-6.543125350139764,negative
PC28,3,002829 CH Equity,-6.326322215554062,negative
PC28,4,603083 CH Equity,-5.986308823156917,negative
PC28,5,300952 CH Equity,-5.823473200224865,negative
PC28,6,3690 HK Equity,-5.5645900506932415,negative
PC28,7,300476 CH Equity,5.340779809021721,positive
PC28,8,300102 CH Equity,5.326497344199289,positive
PC28,9,688228 CH Equity,4.679689822148776,positive
PC28,10,002261 CH Equity,-4.318162922860413,negative
PC29,1,920179 CH Equity,-10.246349007594436,negative
PC29,2,920493 CH Equity,8.601302652553818,positive
PC29,3,603778 CH Equity,-7.9606458809610485,negative
PC29,4,688110 CH Equity,5.849925051402016,positive
PC29,5,688313 CH Equity,-5.656081205642685,negative
PC29,6,300946 CH Equity,-5.454695950920488,negative
PC29,7,300102 CH Equity,5.046184654499562,positive
PC29,8,601127 CH Equity,4.78767947976462,positive
PC29,9,000555 CH Equity,4.482038924475861,positive
PC29,10,601138 CH Equity,4.37851929267714,positive
PC30,1,603778 CH Equity,7.247993363771279,positive
PC30,2,300946 CH Equity,-7.072946426634287,negative
PC30,3,688195 CH Equity,6.898336813101108,positive
PC30,4,002851 CH Equity,6.844550572207644,positive
PC30,5,3690 HK Equity,-6.4217873403502725,negative
PC30,6,605376 CH Equity,-5.594477107153856,negative
PC30,7,1810 HK Equity,4.961888963580168,positive
PC30,8,300684 CH Equity,4.50560397832072,positive
PC30,9,002261 CH Equity,-4.4097676308931995,negative
PC30,10,300260 CH Equity,4.087848366205061,positive
PC31,1,688228 CH Equity,9.790494652252942,positive
PC31,2,605376 CH Equity,-7.792236189133816,negative
PC31,3,688031 CH Equity,-6.694102025708995,negative
PC31,4,002851 CH Equity,-6.112484528002599,negative
PC31,5,300260 CH Equity,5.474472202192139,positive
PC31,6,603662 CH Equity,5.291795981485705,positive
PC31,7,300476 CH Equity,5.1222623765865265,positive
PC31,8,002829 CH Equity,5.015626187792564,positive
PC31,9,688195 CH Equity,-4.478968361386327,negative
PC31,10,688027 CH Equity,4.080226782828037,positive
PC32,1,601869 CH Equity,8.23957906813574,positive
PC32,2,688313 CH Equity,-7.818879448417465,negative
PC32,3,920179 CH Equity,-6.620755423875481,negative
PC32,4,605376 CH Equity,5.831578972634618,positive
PC32,5,002261 CH Equity,-5.339106327127614,negative
PC32,6,302132 CH Equity,5.231600834945109,positive
PC32,7,002851 CH Equity,-5.037045956367889,negative
PC32,8,000002 CH Equity,-4.723776233967086,negative
PC32,9,000555 CH Equity,-3.8308020286618576,negative
PC32,10,300693 CH Equity,-3.7741822133908194,negative
PC33,1,688256 CH Equity,7.139144849530216,positive
PC33,2,300170 CH Equity,7.113946787899314,positive
PC33,3,688195 CH Equity,-5.586793686992923,negative
PC33,4,688102 CH Equity,-5.357988981200782,negative
PC33,5,688313 CH Equity,5.238277943170986,positive
PC33,6,603083 CH Equity,-4.604732296070607,negative
PC33,7,601138 CH Equity,-4.567832761729197,negative
PC33,8,300842 CH Equity,-4.327733987806989,negative
PC33,9,300502 CH Equity,4.2627456087230655,positive
PC33,10,300260 CH Equity,4.195060155179525,positive
PC34,1,002261 CH Equity,6.722243970417654,positive
PC34,2,300418 CH Equity,-5.979909097820919,negative
PC34,3,601127 CH Equity,-5.836036371684879,negative
PC34,4,920179 CH Equity,-5.137361193123164,negative
PC34,5,300058 CH Equity,-4.941833387031776,negative
PC34,6,688031 CH Equity,4.853789718056032,positive
PC34,7,601689 CH Equity,4.785101265145801,positive
PC34,8,300946 CH Equity,4.69493198064581,positive
PC34,9,603809 CH Equity,-4.536395086083422,negative
PC34,10,9988 HK Equity,4.396524286230166,positive
PC35,1,300684 CH Equity,8.337521826450372,positive
PC35,2,688409 CH Equity,-5.307154996484949,negative
PC35,3,002851 CH Equity,-5.2542155282694525,negative
PC35,4,600206 CH Equity,5.033481493142173,positive
PC35,5,300450 CH Equity,4.930152089187899,positive
PC35,6,300638 CH Equity,-4.866224163001433,negative
PC35,7,002829 CH Equity,-4.811726878615062,negative
PC35,8,300748 CH Equity,-4.620260816312179,negative
PC35,9,300442 CH Equity,-4.585400667541593,negative
PC35,10,002048 CH Equity,4.441320180932011,positive
PC36,1,002015 CH Equity,-7.743698288922011,negative
PC36,2,300811 CH Equity,7.044306505624369,positive
PC36,3,688031 CH Equity,-6.240321289366338,negative
PC36,4,300418 CH Equity,6.037651678161901,positive
PC36,5,300684 CH Equity,-5.995323047026207,negative
PC36,6,002837 CH Equity,-5.5967541166235355,negative
PC36,7,300442 CH Equity,-4.87150296378995,negative
PC36,8,002261 CH Equity,4.137816776695817,positive
PC36,9,300394 CH Equity,-4.003733834458644,negative
PC36,10,002413 CH Equity,3.887131529544775,positive
PC37,1,605376 CH Equity,6.898015330679658,positive
PC37,2,920493 CH Equity,-5.490602705332523,negative
PC37,3,688102 CH Equity,5.128414437670954,positive
PC37,4,002716 CH Equity,4.830047737260959,positive
PC37,5,603296 CH Equity,4.794785003526672,positive
PC37,6,920640 CH Equity,4.319015731305641,positive
PC37,7,601179 CH Equity,-4.301761592171359,negative
PC37,8,300476 CH Equity,4.271448051960941,positive
PC37,9,688110 CH Equity,-4.202471536642242,negative
PC37,10,688256 CH Equity,4.182843814622681,positive
PC38,1,9988 HK Equity,8.157578945964698,positive
PC38,2,1810 HK Equity,-5.635198987148503,negative
PC38,3,300842 CH Equity,5.609366451737611,positive
PC38,4,002851 CH Equity,-4.7989009550481665,negative
PC38,5,002150 CH Equity,4.680695390195242,positive
PC38,6,601127 CH Equity,4.539790683069075,positive
PC38,7,920179 CH Equity,4.277219527296426,positive
PC38,8,603809 CH Equity,4.079933314027057,positive
PC38,9,605376 CH Equity,4.028005410181177,positive
PC38,10,300811 CH Equity,3.937673025360395,positive
PC39,1,9988 HK Equity,7.92504963059784,positive
PC39,2,688102 CH Equity,-5.729528257245305,negative
PC39,3,002384 CH Equity,5.309914549566397,positive
PC39,4,688171 CH Equity,-4.937803698627988,negative
PC39,5,605376 CH Equity,4.409915859733154,positive
PC39,6,000547 CH Equity,4.301772460270847,positive
PC39,7,002150 CH Equity,-4.223076583240185,negative
PC39,8,688041 CH Equity,3.933603855453494,positive
PC39,9,1810 HK Equity,-3.833618618221133,negative
PC39,10,300274 CH Equity,-3.6764823645421028,negative
PC40,1,688503 CH Equity,7.1273719505588575,positive
PC40,2,601869 CH Equity,4.863821298155307,positive
PC40,3,002623 CH Equity,-4.783068763013705,negative
PC40,4,002261 CH Equity,4.719558027331969,positive
PC40,5,603809 CH Equity,-4.458204619594815,negative
PC40,6,601179 CH Equity,-4.062434904314745,negative
PC40,7,300260 CH Equity,4.013893950626697,positive
PC40,8,300502 CH Equity,-3.9971139236412894,negative
PC40,9,601698 CH Equity,3.925871924788451,positive
PC40,10,603778 CH Equity,-3.7268105014542434,negative
PC41,1,300432 CH Equity,6.230932749209037,positive
PC41,2,603083 CH Equity,-5.382072499331833,negative
PC41,3,300842 CH Equity,4.944704771880688,positive
PC41,4,601127 CH Equity,4.66366367682234,positive
PC41,5,002150 CH Equity,-4.654825898514226,negative
PC41,6,600206 CH Equity,4.522024403565031,positive
PC41,7,688503 CH Equity,-4.211157143471928,negative
PC41,8,688171 CH Equity,-4.171165706079499,negative
PC41,9,300496 CH Equity,4.1614804154803275,positive
PC41,10,000555 CH Equity,-3.9732896089423315,negative
PC42,1,603662 CH Equity,5.994755709353883,positive
PC42,2,300918 CH Equity,5.921859633917419,positive
PC42,3,300684 CH Equity,5.728652380122924,positive
PC42,4,688102 CH Equity,-5.613903528123014,negative
PC42,5,002261 CH Equity,5.3180776296613725,positive
PC42,6,300102 CH Equity,5.211769114262291,positive
PC42,7,302132 CH Equity,4.8893581321359445,positive
PC42,8,688195 CH Equity,-4.7947946048261,negative
PC42,9,300724 CH Equity,-4.183875173862528,negative
PC42,10,300946 CH Equity,-3.8246504198585334,negative
PC43,1,603083 CH Equity,6.484365249645061,positive
PC43,2,9988 HK Equity,6.052381087607449,positive
PC43,3,300432 CH Equity,5.601129620859588,positive
PC43,4,688375 CH Equity,5.450452175781639,positive
PC43,5,002015 CH Equity,-5.397445565689458,negative
PC43,6,1810 HK Equity,-4.611900749372896,negative
PC43,7,600118 CH Equity,4.318339805872299,positive
PC43,8,601698 CH Equity,3.667198537333931,positive
PC43,9,002261 CH Equity,-3.4952041117822756,negative
PC43,10,600522 CH Equity,-3.4489760313035185,negative
PC44,1,9988 HK Equity,8.64241635899672,positive
PC44,2,002261 CH Equity,-5.115922070505947,negative
PC44,3,300638 CH Equity,4.810356615900304,positive
PC44,4,920640 CH Equity,4.782969570457477,positive
PC44,5,688171 CH Equity,4.656292123982156,positive
PC44,6,002384 CH Equity,-4.1859775140127935,negative
PC44,7,300418 CH Equity,-3.9773094977538226,negative
PC44,8,600895 CH Equity,3.700037859629212,positive
PC44,9,688027 CH Equity,-3.6937057523127947,negative
PC44,10,000737 CH Equity,-3.6343691946953642,negative
PC45,1,688102 CH Equity,-7.038357974457244,negative
PC45,2,688171 CH Equity,6.105937518811577,positive
PC45,3,300918 CH Equity,-5.664310848382796,negative
PC45,4,300620 CH Equity,5.096172155302124,positive
PC45,5,300811 CH Equity,4.640461301161378,positive
PC45,6,300418 CH Equity,-4.015944407397428,negative
PC45,7,002829 CH Equity,-3.8407625826001266,negative
PC45,8,000737 CH Equity,-3.7094854957567955,negative
PC45,9,002413 CH Equity,3.570191389969526,positive
PC45,10,603986 CH Equity,3.4476050985476947,positive
PC46,1,002716 CH Equity,6.275022347293306,positive
PC46,2,000737 CH Equity,-4.629365222400714,negative
PC46,3,601179 CH Equity,4.259075770575267,positive
PC46,4,300102 CH Equity,4.14891136542919,positive
PC46,5,300442 CH Equity,-4.0675548818184115,negative
PC46,6,603083 CH Equity,3.883497808815061,positive
PC46,7,688102 CH Equity,-3.8128851158101957,negative
PC46,8,002851 CH Equity,3.739536682069323,positive
PC46,9,688503 CH Equity,-3.573991322324243,negative
PC46,10,600547 CH Equity,3.49021979711287,positive
PC47,1,300620 CH Equity,8.243884413804636,positive
PC47,2,300442 CH Equity,-5.6481433185232275,negative
PC47,3,688503 CH Equity,-5.334373795151097,negative
PC47,4,600895 CH Equity,4.604764163839936,positive
PC47,5,300229 CH Equity,4.189351160662158,positive
PC47,6,300724 CH Equity,3.651247665668106,positive
PC47,7,688031 CH Equity,3.342372296731531,positive
PC47,8,300450 CH Equity,-3.33200645820461,negative
PC47,9,300751 CH Equity,3.327437498644252,positive
PC47,10,300394 CH Equity,-3.2826818519636296,negative
PC48,1,688171 CH Equity,5.967771943049291,positive
PC48,2,002837 CH Equity,4.689917442866161,positive
PC48,3,002150 CH Equity,-4.540416196493538,negative
PC48,4,688110 CH Equity,-4.427764459072872,negative
PC48,5,002829 CH Equity,3.91528964824223,positive
PC48,6,002015 CH Equity,-3.8767031223583874,negative
PC48,7,300811 CH Equity,-3.7043301342915753,negative
PC48,8,000002 CH Equity,3.3971959341991296,positive
PC48,9,688027 CH Equity,3.3893899417801956,positive
PC48,10,600183 CH Equity,3.383113393352899,positive
PC49,1,600206 CH Equity,5.900951123887756,positive
PC49,2,300751 CH Equity,5.645550623103155,positive
PC49,3,300102 CH Equity,-5.508708004736389,negative
PC49,4,300476 CH Equity,-5.143832908838734,negative
PC49,5,002716 CH Equity,-4.758641804838914,negative
PC49,6,300418 CH Equity,-4.069918064849115,negative
PC49,7,300058 CH Equity,3.814146763872056,positive
PC49,8,000969 CH Equity,3.757149430145316,positive
PC49,9,300394 CH Equity,3.707609787584169,positive
PC49,10,002851 CH Equity,3.6174491320797943,positive
PC50,1,920640 CH Equity,4.581820371409708,positive
PC50,2,603809 CH Equity,4.342456981002734,positive
PC50,3,688262 CH Equity,-4.2217100416102165,negative
PC50,4,605376 CH Equity,-4.215282220963791,negative
PC50,5,002837 CH Equity,-4.19961218244357,negative
PC50,6,603083 CH Equity,4.1115496569419845,positive
PC50,7,300394 CH Equity,-4.062191472363506,negative
PC50,8,603986 CH Equity,3.834041925930381,positive
PC50,9,002851 CH Equity,3.6637407234832255,positive
PC50,10,603019 CH Equity,-3.531823880542645,negative
PC51,1,002851 CH Equity,6.043328564619484,positive
PC51,2,600206 CH Equity,4.495872569112296,positive
PC51,3,002837 CH Equity,-4.1420688133565005,negative
PC51,4,300952 CH Equity,4.0142496163576125,positive
PC51,5,688503 CH Equity,3.830575908405614,positive
PC51,6,002463 CH Equity,-3.787261366788762,negative
PC51,7,603809 CH Equity,3.754816098072751,positive
PC51,8,300684 CH Equity,3.7385552782797227,positive
PC51,9,002829 CH Equity,3.6551444885789746,positive
PC51,10,601727 CH Equity,-3.535300595568617,negative
PC52,1,300751 CH Equity,-5.928642805592942,negative
PC52,2,300170 CH Equity,5.348768480402849,positive
PC52,3,688313 CH Equity,-5.043605364476677,negative
PC52,4,300476 CH Equity,4.775280889638237,positive
PC52,5,688031 CH Equity,4.042301281037125,positive
PC52,6,300418 CH Equity,-4.032742511323449,negative
PC52,7,300229 CH Equity,-3.965024291699726,negative
PC52,8,603296 CH Equity,-3.922905001720213,negative
PC52,9,002015 CH Equity,-3.6092682018721574,negative
PC52,10,688111 CH Equity,-3.5864186832083935,negative
PC53,1,601138 CH Equity,6.0326272967211905,positive
PC53,2,600895 CH Equity,5.367514402678484,positive
PC53,3,000099 CH Equity,-5.017423373433206,negative
PC53,4,688171 CH Equity,-4.7343375854491745,negative
PC53,5,300058 CH Equity,4.1405187175865965,positive
PC53,6,002384 CH Equity,-3.7580096473312636,negative
PC53,7,300638 CH Equity,-3.743445197802482,negative
PC53,8,688027 CH Equity,3.3141685618289953,positive
PC53,9,601727 CH Equity,3.309417234342658,positive
PC53,10,688503 CH Equity,3.240988727484385,positive
PC54,1,688111 CH Equity,5.65814805214908,positive
PC54,2,302132 CH Equity,-4.879658379748194,negative
PC54,3,300638 CH Equity,4.8695044860299195,positive
PC54,4,300842 CH Equity,-4.03761989453477,negative
PC54,5,002837 CH Equity,3.7945979277687556,positive
PC54,6,002015 CH Equity,3.7570075272769663,positive
PC54,7,000555 CH Equity,-3.736181912246012,negative
PC54,8,300229 CH Equity,-3.5124115199734924,negative
PC54,9,603296 CH Equity,-3.471962320082867,negative
PC54,10,300442 CH Equity,-3.3370137539448614,negative
PC55,1,300432 CH Equity,6.030937718275895,positive
PC55,2,601869 CH Equity,5.51621117784592,positive
PC55,3,300442 CH Equity,-4.266450334515679,negative
PC55,4,688102 CH Equity,3.8864688263254226,positive
PC55,5,688031 CH Equity,3.8768874113183625,positive
PC55,6,002261 CH Equity,-3.47556842040606,negative
PC55,7,688027 CH Equity,3.1925439067629164,positive
PC55,8,688111 CH Equity,3.192117383583642,positive
PC55,9,300433 CH Equity,-3.184268099833425,negative
PC55,10,600547 CH Equity,3.13162846753278,positive
PC56,1,002048 CH Equity,-4.560827768202057,negative
PC56,2,601127 CH Equity,-4.463514781952485,negative
PC56,3,688375 CH Equity,4.269189831963206,positive
PC56,4,688409 CH Equity,4.199336435637284,positive
PC56,5,300842 CH Equity,-4.145708979736064,negative
PC56,6,920640 CH Equity,-4.122850377073786,negative
PC56,7,600183 CH Equity,-3.9919128131998725,negative
PC56,8,002261 CH Equity,3.750237647106606,positive
PC56,9,300433 CH Equity,3.7478926253443863,positive
PC56,10,688027 CH Equity,3.5156143016651864,positive
PC57,1,601869 CH Equity,-5.2099879250000996,negative
PC57,2,300260 CH Equity,4.244406425142705,positive
PC57,3,601127 CH Equity,-3.9479932715109607,negative
PC57,4,300432 CH Equity,3.7741137662375572,positive
PC57,5,300496 CH Equity,-3.758633775090104,negative
PC57,6,688262 CH Equity,-3.6921521119382184,negative
PC57,7,688375 CH Equity,-3.6312668555456415,negative
PC57,8,601727 CH Equity,3.5256802220695675,positive
PC57,9,600183 CH Equity,3.4618268345666188,positive
PC57,10,603296 CH Equity,-3.353940684713804,negative
PC58,1,603986 CH Equity,5.872535456353821,positive
PC58,2,300620 CH Equity,4.5130537656188086,positive
PC58,3,300229 CH Equity,-4.354831376593626,negative
PC58,4,600481 CH Equity,4.3245700804681775,positive
PC58,5,688556 CH Equity,-3.7506392572898517,negative
PC58,6,603662 CH Equity,3.6400473087386156,positive
PC58,7,300811 CH Equity,3.6279278347161106,positive
PC58,8,605376 CH Equity,-3.6097068183531222,negative
PC58,9,300432 CH Equity,-3.484366748856466,negative
PC58,10,002466 CH Equity,3.4735880170959623,positive
PC59,1,002716 CH Equity,4.427411818084158,positive
PC59,2,605376 CH Equity,4.339549502944693,positive
PC59,3,601869 CH Equity,-4.1864178267923124,negative
PC59,4,300620 CH Equity,4.180935821360479,positive
PC59,5,603993 CH Equity,-3.7413135169567453,negative
PC59,6,002384 CH Equity,3.666566191348569,positive
PC59,7,002015 CH Equity,-3.65832907692558,negative
PC59,8,300684 CH Equity,3.3516618112419865,positive
PC59,9,300260 CH Equity,-3.2967006199760416,negative
PC59,10,688262 CH Equity,3.2365225007462075,positive
PC60,1,600206 CH Equity,-5.089884064441037,negative
PC60,2,300442 CH Equity,4.564611741437723,positive
PC60,3,000555 CH Equity,4.266862569889477,positive
PC60,4,688556 CH Equity,3.719341382509072,positive
PC60,5,300751 CH Equity,3.70172725273959,positive
PC60,6,300638 CH Equity,-3.6620814296127007,negative
PC60,7,002048 CH Equity,3.5005734996361864,positive
PC60,8,002837 CH Equity,-3.4175936348109324,negative
PC60,9,300316 CH Equity,3.3843650833973773,positive
PC60,10,603986 CH Equity,3.1419421529958353,positive
PC61,1,603083 CH Equity,-4.487215447159731,negative
PC61,2,002413 CH Equity,4.4107262567645,positive
PC61,3,000547 CH Equity,4.331124417861025,positive
PC61,4,605376 CH Equity,-3.7353665824965794,negative
PC61,5,688262 CH Equity,-3.5392952165031666,negative
PC61,6,002414 CH Equity,3.403895758987855,positive
PC61,7,002048 CH Equity,3.3382938969105167,positive
PC61,8,688122 CH Equity,3.311411470880127,positive
PC61,9,000555 CH Equity,-3.0173217438890556,negative
PC61,10,600118 CH Equity,-3.0115236240635,negative
PC62,1,300118 CH Equity,-5.181205856840487,negative
PC62,2,601127 CH Equity,-4.872200985713876,negative
PC62,3,300842 CH Equity,4.662289821248488,positive
PC62,4,688556 CH Equity,4.1414494644675806,positive
PC62,5,300450 CH Equity,-4.057248917949797,negative
PC62,6,300638 CH Equity,4.0090027908255745,positive
PC62,7,002065 CH Equity,-3.9023389411736407,negative
PC62,8,688195 CH Equity,3.7551304433730923,positive
PC62,9,688409 CH Equity,3.7381758662960354,positive
PC62,10,603662 CH Equity,3.669141562015285,positive
PC63,1,002065 CH Equity,-5.384841218204836,negative
PC63,2,603296 CH Equity,4.9510582851748195,positive
PC63,3,300811 CH Equity,4.084281764603202,positive
PC63,4,002015 CH Equity,3.4220853354704537,positive
PC63,5,600481 CH Equity,-3.25971678942946,negative
PC63,6,688556 CH Equity,-3.2235287760783424,negative
PC63,7,002048 CH Equity,3.1315936887779867,positive
PC63,8,603809 CH Equity,-2.9760731294568554,negative
PC63,9,600487 CH Equity,2.8757131160221205,positive
PC63,10,300450 CH Equity,-2.8632246171478397,negative
PC64,1,600183 CH Equity,-5.0481958604057295,negative
PC64,2,300811 CH Equity,3.995064414943416,positive
PC64,3,002048 CH Equity,3.883427989013753,positive
PC64,4,603730 CH Equity,3.774441624474244,positive
PC64,5,688111 CH Equity,3.6462438325956126,positive
PC64,6,300433 CH Equity,3.60885587229321,positive
PC64,7,000555 CH Equity,-3.5375858543874728,negative
PC64,8,688409 CH Equity,3.4895529125087292,positive
PC64,9,688556 CH Equity,3.344795890127887,positive
PC64,10,300751 CH Equity,-3.3191095031523408,negative
PC65,1,300684 CH Equity,4.300112419449853,positive
PC65,2,300620 CH Equity,-4.163073153426591,negative
PC65,3,300170 CH Equity,3.8684901755222696,positive
PC65,4,300638 CH Equity,-3.7090597686527342,negative
PC65,5,688256 CH Equity,-3.7071836931221798,negative
PC65,6,300811 CH Equity,3.607960110513742,positive
PC65,7,002150 CH Equity,3.5294402790939725,positive
PC65,8,000737 CH Equity,-3.4323829629747404,negative
PC65,9,300693 CH Equity,-3.306253966324353,negative
PC65,10,002594 CH Equity,-2.9610364186069313,negative
PC66,1,000547 CH Equity,-5.464415068857656,negative
PC66,2,688409 CH Equity,-5.151119135638273,negative
PC66,3,300655 CH Equity,4.616450197634072,positive
PC66,4,601127 CH Equity,-4.33548020924118,negative
PC66,5,002065 CH Equity,-3.29821059550274,negative
PC66,6,300058 CH Equity,-3.2242497260917276,negative
PC66,7,600487 CH Equity,-2.8274265883088234,negative
PC66,8,002384 CH Equity,2.7806317626427797,positive
PC66,9,300693 CH Equity,2.7474222754486877,positive
PC66,10,003031 CH Equity,2.731326319601104,positive
PC67,1,300502 CH Equity,4.998889291014503,positive
PC67,2,300229 CH Equity,4.826819419776514,positive
PC67,3,002150 CH Equity,-4.42996106229526,negative
PC67,4,300394 CH Equity,-4.242697421032362,negative
PC67,5,002837 CH Equity,3.7149666847030356,positive
PC67,6,688195 CH Equity,-3.6187653556447303,negative
PC67,7,300620 CH Equity,3.1341261043457584,positive
PC67,8,688111 CH Equity,-3.1161296854998826,negative
PC67,9,300474 CH Equity,-2.9834184747359824,negative
PC67,10,300432 CH Equity,-2.885064134862291,negative
PC68,1,000547 CH Equity,5.4518431228042505,positive
PC68,2,002150 CH Equity,-4.778169940732396,negative
PC68,3,603296 CH Equity,4.586617212008731,positive
PC68,4,300476 CH Equity,4.220287829033936,positive
PC68,5,002414 CH Equity,-3.715241575613086,negative
PC68,6,603662 CH Equity,-3.6509125411043164,negative
PC68,7,688375 CH Equity,-3.43577058103045,negative
PC68,8,603083 CH Equity,3.350835077223982,positive
PC68,9,300751 CH Equity,3.302218381705247,positive
PC68,10,000002 CH Equity,-3.247496116047717,negative
PC69,1,300684 CH Equity,3.843603721215814,positive
PC69,2,300442 CH Equity,-3.819080562218592,negative
PC69,3,300394 CH Equity,3.645790843973605,positive
PC69,4,300136 CH Equity,-3.619062026774036,negative
PC69,5,002466 CH Equity,-3.3417114547482063,negative
PC69,6,603662 CH Equity,-3.3258945996945584,negative
PC69,7,002281 CH Equity,-3.0499059301334865,negative
PC69,8,688008 CH Equity,3.038287554891417,positive
PC69,9,300811 CH Equity,-3.0222881848250918,negative
PC69,10,603986 CH Equity,2.755896391626373,positive
PC70,1,300693 CH Equity,4.5270094562542,positive
PC70,2,002261 CH Equity,4.056868775364231,positive
PC70,3,300058 CH Equity,4.0166359757230365,positive
PC70,4,688268 CH Equity,-3.7335700957152267,negative
PC70,5,605376 CH Equity,-3.684645512691634,negative
PC70,6,000737 CH Equity,-3.6674403864239196,negative
PC70,7,688122 CH Equity,-3.521611492895984,negative
PC70,8,300229 CH Equity,-3.3204748787069724,negative
PC70,9,002466 CH Equity,2.9628664577329906,positive
PC70,10,300496 CH Equity,-2.956802030601577,negative
PC71,1,603296 CH Equity,4.538258347788437,positive
PC71,2,688556 CH Equity,-3.6669021316490595,negative
PC71,3,601727 CH Equity,3.324271140621938,positive
PC71,4,603809 CH Equity,3.196273041666254,positive
PC71,5,688102 CH Equity,-3.0844639929559357,negative
PC71,6,300693 CH Equity,-3.056866730405301,negative
PC71,7,601698 CH Equity,2.9715768142460397,positive
PC71,8,600498 CH Equity,2.882122290269906,positive
PC71,9,688503 CH Equity,-2.8813164307739942,negative
PC71,10,300442 CH Equity,-2.791228980561965,negative
PC72,1,300502 CH Equity,-5.815698700392243,negative
PC72,2,300394 CH Equity,5.229518522790206,positive
PC72,3,000737 CH Equity,-4.084871791781007,negative
PC72,4,300136 CH Equity,3.6380209115953774,positive
PC72,5,603809 CH Equity,2.9555500389384832,positive
PC72,6,002716 CH Equity,2.8767088402252114,positive
PC72,7,600183 CH Equity,2.858982448378955,positive
PC72,8,300684 CH Equity,-2.8173842339394954,negative
PC72,9,300496 CH Equity,2.761364120956207,positive
PC72,10,300751 CH Equity,-2.684011297699373,negative
PC73,1,603662 CH Equity,-5.297097943132929,negative
PC73,2,002048 CH Equity,-4.173358635191915,negative
PC73,3,601138 CH Equity,4.048930981519563,positive
PC73,4,300952 CH Equity,-3.3474347368783484,negative
PC73,5,300684 CH Equity,3.3215997889889897,positive
PC73,6,603296 CH Equity,-3.2157329341438317,negative
PC73,7,688375 CH Equity,3.096408985471734,positive
PC73,8,300918 CH Equity,3.0850579002172904,positive
PC73,9,300474 CH Equity,3.027795436965301,positive
PC73,10,300170 CH Equity,-3.0047719439185956,negative
PC74,1,600183 CH Equity,-3.7197894334091823,negative
PC74,2,002048 CH Equity,-3.7141863726159627,negative
PC74,3,000555 CH Equity,3.5212040951057637,positive
PC74,4,688409 CH Equity,-3.4377313145941564,negative
PC74,5,601179 CH Equity,-3.392719498518673,negative
PC74,6,688111 CH Equity,3.303655909189354,positive
PC74,7,601138 CH Equity,3.1301859788986075,positive
PC74,8,300432 CH Equity,3.1049969526697674,positive
PC74,9,300229 CH Equity,-2.969651192919231,negative
PC74,10,600487 CH Equity,2.8569807309688557,positive
PC75,1,002413 CH Equity,-5.503286220799631,negative
PC75,2,601127 CH Equity,-4.135489900336456,negative
PC75,3,002414 CH Equity,3.9910220597530603,positive
PC75,4,002065 CH Equity,3.5403687744816277,positive
PC75,5,300316 CH Equity,-3.4910352466728916,negative
PC75,6,000002 CH Equity,-3.3387417060462576,negative
PC75,7,688256 CH Equity,3.198930391362143,positive
PC75,8,300666 CH Equity,3.121885856693306,positive
PC75,9,300474 CH Equity,-3.0494857088513148,negative
PC75,10,002015 CH Equity,-2.6417696554488863,negative
PC76,1,300693 CH Equity,-3.5782542218820197,negative
PC76,2,002837 CH Equity,3.5455173198235355,positive
PC76,3,603690 CH Equity,-3.4092351232890428,negative
PC76,4,600522 CH Equity,-3.3780190305800564,negative
PC76,5,601727 CH Equity,-3.321069862991922,negative
PC76,6,688268 CH Equity,-3.2016780267164795,negative
PC76,7,600487 CH Equity,-3.156313929466313,negative
PC76,8,688981 CH Equity,3.060310567039804,positive
PC76,9,300450 CH Equity,2.8865107860056956,positive
PC76,10,300655 CH Equity,2.7593808505509068,positive
PC77,1,002463 CH Equity,4.264349735353685,positive
PC77,2,300450 CH Equity,3.9273144560967403,positive
PC77,3,600183 CH Equity,3.810010425442,positive
PC77,4,002413 CH Equity,-3.683811765989952,negative
PC77,5,688008 CH Equity,-3.2666115796008004,negative
PC77,6,300170 CH Equity,3.26166165740379,positive
PC77,7,000002 CH Equity,-3.1245510581101787,negative
PC77,8,002623 CH Equity,2.9751241743508334,positive
PC77,9,300476 CH Equity,-2.9526936523134126,negative
PC77,10,000547 CH Equity,2.8930072319387414,positive
PC78,1,300502 CH Equity,-4.775517437073089,negative
PC78,2,603662 CH Equity,-4.17949844409043,negative
PC78,3,601138 CH Equity,3.602761438309777,positive
PC78,4,300393 CH Equity,3.343406767573908,positive
PC78,5,603986 CH Equity,3.1054096323316838,positive
PC78,6,688122 CH Equity,3.0780448913128966,positive
PC78,7,603730 CH Equity,3.0478275937695276,positive
PC78,8,600183 CH Equity,-2.8977279666108706,negative
PC78,9,300693 CH Equity,2.8704674127064487,positive
PC78,10,002048 CH Equity,2.8366604798443182,positive
PC79,1,300136 CH Equity,-3.980832328072383,negative
PC79,2,300058 CH Equity,3.745082251597353,positive
PC79,3,688556 CH Equity,3.4996309864482704,positive
PC79,4,688503 CH Equity,3.329777724696925,positive
PC79,5,600895 CH Equity,-3.294143098964674,negative
PC79,6,603083 CH Equity,-3.2676184935055774,negative
PC79,7,000547 CH Equity,3.2125187753065956,positive
PC79,8,000737 CH Equity,3.1649319941033616,positive
PC79,9,002202 CH Equity,-3.0685652936926515,negative
PC79,10,300274 CH Equity,2.899742316351142,positive
PC80,1,300170 CH Equity,4.120428220210495,positive
PC80,2,300496 CH Equity,-3.9997036541000237,negative
PC80,3,002466 CH Equity,3.835215935643379,positive
PC80,4,300724 CH Equity,-3.7592224694246017,negative
PC80,5,688556 CH Equity,2.9708039490298446,positive
PC80,6,300308 CH Equity,-2.94551997853761,negative
PC80,7,000969 CH Equity,-2.9289537943404933,negative
PC80,8,300274 CH Equity,-2.8884468551729343,negative
PC80,9,688262 CH Equity,2.5362943717507997,positive
PC80,10,600760 CH Equity,2.4928074804709066,positive
PC81,1,688375 CH Equity,4.0391333491381864,positive
PC81,2,300316 CH Equity,-3.74616924750634,negative
PC81,3,600481 CH Equity,3.5707895737694733,positive
PC81,4,300450 CH Equity,3.2334532491229733,positive
PC81,5,300274 CH Equity,3.211476259961395,positive
PC81,6,300620 CH Equity,3.209930332964341,positive
PC81,7,300655 CH Equity,2.6732157809237362,positive
PC81,8,688195 CH Equity,-2.648235510259066,negative
PC81,9,300693 CH Equity,-2.524551541046779,negative
PC81,10,688111 CH Equity,2.4762177208006406,positive
PC82,1,300418 CH Equity,4.602480071563109,positive
PC82,2,300274 CH Equity,4.493038350009974,positive
PC82,3,688122 CH Equity,-3.42381683784374,negative
PC82,4,002623 CH Equity,3.3530827505250755,positive
PC82,5,688262 CH Equity,3.268124017012105,positive
PC82,6,300058 CH Equity,-2.8896918926660202,negative
PC82,7,300724 CH Equity,2.85134044339374,positive
PC82,8,688027 CH Equity,2.81434043934568,positive
PC82,9,000423 CH Equity,2.6090743740846003,positive
PC82,10,002202 CH Equity,-2.5226930573946267,negative
PC83,1,603296 CH Equity,4.382622996622659,positive
PC83,2,300811 CH Equity,-3.788597493347782,negative
PC83,3,300474 CH Equity,3.5857671065757732,positive
PC83,4,000099 CH Equity,3.396814880764834,positive
PC83,5,300014 CH Equity,-3.1816917405108804,negative
PC83,6,300308 CH Equity,3.0200141007875025,positive
PC83,7,300229 CH Equity,-2.9246461664480776,negative
PC83,8,688008 CH Equity,-2.7722764850665205,negative
PC83,9,002008 CH Equity,-2.613095551439665,negative
PC83,10,002414 CH Equity,-2.5981031130919567,negative
PC84,1,603986 CH Equity,5.737718255632358,positive
PC84,2,601727 CH Equity,3.7482938795886995,positive
PC84,3,002202 CH Equity,3.1722248635808223,positive
PC84,4,601179 CH Equity,-3.0641610105990202,negative
PC84,5,000969 CH Equity,3.0358419154948466,positive
PC84,6,600206 CH Equity,2.8557939068084366,positive
PC84,7,002851 CH Equity,2.739760371908932,positive
PC84,8,300693 CH Equity,-2.6928111589597585,negative
PC84,9,300450 CH Equity,-2.576391662147906,negative
PC84,10,688027 CH Equity,-2.573282089081187,negative
PC85,1,002413 CH Equity,-5.186805744246982,negative
PC85,2,300751 CH Equity,-3.747614854753509,negative
PC85,3,300496 CH Equity,-3.691411602997071,negative
PC85,4,300136 CH Equity,2.816022450737336,positive
PC85,5,688008 CH Equity,2.7859653285490644,positive
PC85,6,002463 CH Equity,-2.696253662299879,negative
PC85,7,688262 CH Equity,-2.66626668673378,negative
PC85,8,688268 CH Equity,2.5833952176075132,positive
PC85,9,002085 CH Equity,-2.536016506925516,negative
PC85,10,300432 CH Equity,-2.4929919390919695,negative
PC86,1,300666 CH Equity,4.233992733564039,positive
PC86,2,002048 CH Equity,-4.0818753602869755,negative
PC86,3,603809 CH Equity,3.8131636524087114,positive
PC86,4,688262 CH Equity,3.466737041948734,positive
PC86,5,300693 CH Equity,3.3306338837269007,positive
PC86,6,002623 CH Equity,-3.2730387010303157,negative
PC86,7,300118 CH Equity,3.089197735005946,positive
PC86,8,002414 CH Equity,2.6612202576523436,positive
PC86,9,688027 CH Equity,-2.499840044562873,negative
PC86,10,688017 CH Equity,2.4293180258763676,positive
PC87,1,300316 CH Equity,3.2292984628627295,positive
PC87,2,002463 CH Equity,3.172136503298327,positive
PC87,3,002065 CH Equity,3.153265117428767,positive
PC87,4,300638 CH Equity,-3.1331821995583726,negative
PC87,5,300442 CH Equity,-3.075761600656441,negative
PC87,6,300496 CH Equity,2.9352559900987,positive
PC87,7,000837 CH Equity,2.8615229779566795,positive
PC87,8,300170 CH Equity,2.716907561279794,positive
PC87,9,688017 CH Equity,-2.7113996148758983,negative
PC87,10,300842 CH Equity,2.7076836172821066,positive
PC88,1,300474 CH Equity,4.32053848605207,positive
PC88,2,300433 CH Equity,-3.7734047891530142,negative
PC88,3,002281 CH Equity,-3.43310302588729,negative
PC88,4,300308 CH Equity,2.952134055246933,positive
PC88,5,002623 CH Equity,2.7728015220759583,positive
PC88,6,688262 CH Equity,-2.7670570300954918,negative
PC88,7,002594 CH Equity,2.728018150943701,positive
PC88,8,300393 CH Equity,2.7155540686337036,positive
PC88,9,600498 CH Equity,-2.6033711223282587,negative
PC88,10,300274 CH Equity,-2.551318938347249,negative
PC89,1,002414 CH Equity,3.8971036985931047,positive
PC89,2,603662 CH Equity,3.6521725281416493,positive
PC89,3,688017 CH Equity,-3.420607306552528,negative
PC89,4,688111 CH Equity,3.4039810053185913,positive
PC89,5,300418 CH Equity,-3.1219940707583627,negative
PC89,6,688981 CH Equity,2.8566744668754436,positive
PC89,7,300274 CH Equity,-2.7522012875478135,negative
PC89,8,002281 CH Equity,-2.4988042393548735,negative
PC89,9,300666 CH Equity,-2.4908305780366,negative
PC89,10,000002 CH Equity,-2.4502535320692043,negative
PC90,1,002281 CH Equity,-4.171651823509414,negative
PC90,2,300014 CH Equity,-3.920808213360735,negative
PC90,3,300024 CH Equity,3.5087749651727345,positive
PC90,4,300450 CH Equity,3.0846505000859197,positive
PC90,5,688008 CH Equity,-2.8827976168235026,negative
PC90,6,002048 CH Equity,-2.7245118403397486,negative
PC90,7,002623 CH Equity,-2.5988409143568347,negative
PC90,8,300750 CH Equity,-2.569827110967602,negative
PC90,9,300418 CH Equity,2.455372915520506,positive
PC90,10,300229 CH Equity,-2.394667723953687,negative
PC91,1,002414 CH Equity,3.6323015798133302,positive
PC91,2,000837 CH Equity,3.4329823756229665,positive
PC91,3,002065 CH Equity,-2.8594512814178223,negative
PC91,4,600206 CH Equity,2.851644041150447,positive
PC91,5,688409 CH Equity,2.829205410720413,positive
PC91,6,002150 CH Equity,2.818398396305358,positive
PC91,7,601689 CH Equity,2.6425191862491926,positive
PC91,8,688017 CH Equity,-2.5748491539091067,negative
PC91,9,688122 CH Equity,-2.4861489497601794,negative
PC91,10,603993 CH Equity,2.2967791830914113,positive
PC92,1,300136 CH Equity,3.724996321809044,positive
PC92,2,002413 CH Equity,3.3191136256110942,positive
PC92,3,003031 CH Equity,-3.2372208982590736,negative
PC92,4,000969 CH Equity,3.12705904658358,positive
PC92,5,688556 CH Equity,-3.0487336027170926,negative
PC92,6,300058 CH Equity,-2.916875364318743,negative
PC92,7,688008 CH Equity,2.8256262728650294,positive
PC92,8,300316 CH Equity,-2.6976191907564697,negative
PC92,9,688503 CH Equity,2.375401528999129,positive
PC92,10,002414 CH Equity,-2.354144311744163,negative
PC93,1,300316 CH Equity,3.9891420507211843,positive
PC93,2,601138 CH Equity,-3.0640544547861652,negative
PC93,3,002837 CH Equity,3.0597480443795284,positive
PC93,4,600150 CH Equity,2.9042280185249925,positive
PC93,5,002414 CH Equity,2.8886966513625305,positive
PC93,6,300666 CH Equity,-2.777286483589328,negative
PC93,7,300620 CH Equity,-2.5777227865849905,negative
PC93,8,688556 CH Equity,-2.575151841038952,negative
PC93,9,601985 CH Equity,2.4117183140085348,positive
PC93,10,603690 CH Equity,2.3031458756073304,positive
PC94,1,300474 CH Equity,3.8072883816791716,positive
PC94,2,688008 CH Equity,-3.2829112385244645,negative
PC94,3,002594 CH Equity,2.877554665118029,positive
PC94,4,002414 CH Equity,2.8390159139951603,positive
PC94,5,300316 CH Equity,-2.723728826305526,negative
PC94,6,600183 CH Equity,2.6929519140067124,positive
PC94,7,600760 CH Equity,-2.5243749897972383,negative
PC94,8,300496 CH Equity,-2.432529322524672,negative
PC94,9,002466 CH Equity,2.3877563097101597,positive
PC94,10,300433 CH Equity,2.382862549687989,positive
PC95,1,600183 CH Equity,4.067461913602483,positive
PC95,2,000837 CH Equity,3.009523253626301,positive
PC95,3,603690 CH Equity,-2.9044394476394584,negative
PC95,4,300724 CH Equity,2.8122712232805878,positive
PC95,5,002466 CH Equity,-2.7054427777277206,negative
PC95,6,000002 CH Equity,-2.659032710890786,negative
PC95,7,000099 CH Equity,2.4782570911661206,positive
PC95,8,002413 CH Equity,2.308763745109357,positive
PC95,9,600481 CH Equity,2.3024073656682607,positive
PC95,10,688111 CH Equity,2.2866035171714976,positive
PC96,1,300024 CH Equity,3.7351414559900338,positive
PC96,2,688008 CH Equity,3.3939175495964546,positive
PC96,3,300136 CH Equity,-3.04826989103671,negative
PC96,4,300433 CH Equity,2.9418647824307045,positive
PC96,5,603690 CH Equity,2.6859065283450048,positive
PC96,6,300724 CH Equity,2.64900563602397,positive
PC96,7,300811 CH Equity,2.5294133597417034,positive
PC96,8,600549 CH Equity,2.3272561113453882,positive
PC96,9,300474 CH Equity,2.2869501272458064,positive
PC96,10,603019 CH Equity,-2.179483026143339,negative
PC97,1,688268 CH Equity,-3.924434452859621,negative
PC97,2,002414 CH Equity,-2.823316211845895,negative
PC97,3,000002 CH Equity,2.7632853689487744,positive
PC97,4,003031 CH Equity,2.685147370387072,positive
PC97,5,002202 CH Equity,-2.4254717065081635,negative
PC97,6,920640 CH Equity,-2.2748470458027823,negative
PC97,7,603730 CH Equity,2.2748437588070027,positive
PC97,8,603809 CH Equity,2.102728394521467,positive
PC97,9,601211 CH Equity,2.0934805278405433,positive
PC97,10,300432 CH Equity,-1.9800376098595485,negative
PC98,1,603986 CH Equity,-3.819515954283721,negative
PC98,2,688556 CH Equity,-3.1019263001052506,negative
PC98,3,600879 CH Equity,2.871704547149443,positive
PC98,4,688111 CH Equity,-2.8139514653184463,negative
PC98,5,688375 CH Equity,-2.5259043989162193,negative
PC98,6,300024 CH Equity,-2.4303356457859278,negative
PC98,7,002623 CH Equity,2.3282936532098004,positive
PC98,8,601727 CH Equity,2.2986920047985056,positive
PC98,9,300474 CH Equity,2.243584280848544,positive
PC98,10,300811 CH Equity,-2.099119161566031,negative
PC99,1,600895 CH Equity,4.249672542402097,positive
PC99,2,600183 CH Equity,3.55376618074202,positive
PC99,3,688981 CH Equity,-3.04616859461641,negative
PC99,4,688122 CH Equity,2.7969362233473887,positive
PC99,5,300748 CH Equity,-2.6046099857071563,negative
PC99,6,300393 CH Equity,2.602163163617266,positive
PC99,7,000002 CH Equity,2.387467652951777,positive
PC99,8,688262 CH Equity,2.2003435101961046,positive
PC99,9,002065 CH Equity,-2.148060672421093,negative
PC99,10,688599 CH Equity,-2.1192520647965156,negative
PC100,1,000002 CH Equity,3.7948371207249405,positive
PC100,2,688262 CH Equity,3.422644930079087,positive
PC100,3,300496 CH Equity,-2.9007836657938615,negative
PC100,4,688017 CH Equity,-2.8411900879153613,negative
PC100,5,601179 CH Equity,2.6369923670895252,positive
PC100,6,688556 CH Equity,-2.5473920437611057,negative
PC100,7,000969 CH Equity,-2.3436920286953145,negative
PC100,8,688409 CH Equity,-2.1657233441311425,negative
PC100,9,000938 CH Equity,-2.1486669211442138,negative
PC100,10,002015 CH Equity,-2.128313716603086,negative
PC101,1,002623 CH Equity,3.223107007401016,positive
PC101,2,601138 CH Equity,-2.969362492251105,negative
PC101,3,300024 CH Equity,2.901362040407499,positive
PC101,4,003031 CH Equity,-2.8986966377326624,negative
PC101,5,600481 CH Equity,-2.847705359637493,negative
PC101,6,300274 CH Equity,2.6945356025573135,positive
PC101,7,002463 CH Equity,2.6070866780952966,positive
PC101,8,000837 CH Equity,-2.4237016138159033,negative
PC101,9,600206 CH Equity,2.3818927678738966,positive
PC101,10,603993 CH Equity,-2.30194834105484,negative
PC102,1,002008 CH Equity,-3.325607627184218,negative
PC102,2,600879 CH Equity,2.831181879304354,positive
PC102,3,300724 CH Equity,-2.8100151793927806,negative
PC102,4,300316 CH Equity,-2.807129506921418,negative
PC102,5,000099 CH Equity,2.532701376715151,positive
PC102,6,300393 CH Equity,2.341847347484986,positive
PC102,7,002384 CH Equity,-2.3065508513267168,negative
PC102,8,688981 CH Equity,-2.162498321717329,negative
PC102,9,300496 CH Equity,2.153561469617235,positive
PC102,10,600150 CH Equity,-2.0646408325419685,negative
PC103,1,600150 CH Equity,3.08909022920093,positive
PC103,2,002065 CH Equity,3.0282178611435,positive
PC103,3,600498 CH Equity,2.679797740709148,positive
PC103,4,002414 CH Equity,-2.536542472256653,negative
PC103,5,002268 CH Equity,2.510307703669158,positive
PC103,6,002008 CH Equity,2.505516908696035,positive
PC103,7,300724 CH Equity,2.417006751685757,positive
PC103,8,688017 CH Equity,-2.348409638224118,negative
PC103,9,300474 CH Equity,-2.1082228968735643,negative
PC103,10,688008 CH Equity,2.0086335566709566,positive
PC104,1,300393 CH Equity,3.4713018577217283,positive
PC104,2,300748 CH Equity,3.1155788577722205,positive
PC104,3,002281 CH Equity,2.923166547292845,positive
PC104,4,300450 CH Equity,2.7015514970904624,positive
PC104,5,688268 CH Equity,2.4828974678082885,positive
PC104,6,600481 CH Equity,2.4298764009083715,positive
PC104,7,600487 CH Equity,2.139632804840116,positive
PC104,8,600498 CH Equity,2.0534392302825144,positive
PC104,9,000002 CH Equity,2.0256870050557407,positive
PC104,10,603019 CH Equity,-1.9883427666142262,negative
PC105,1,688556 CH Equity,3.5211767880765343,positive
PC105,2,300433 CH Equity,3.4430250408062455,positive
PC105,3,300136 CH Equity,-2.456304442000649,negative
PC105,4,000555 CH Equity,2.422256750692683,positive
PC105,5,688375 CH Equity,2.248743073810835,positive
PC105,6,600879 CH Equity,2.242267446555108,positive
PC105,7,600118 CH Equity,-2.1922947123513103,negative
PC105,8,600895 CH Equity,-2.178854219343853,negative
PC105,9,300474 CH Equity,-2.100802202573132,negative
PC105,10,688409 CH Equity,-2.0508143667997065,negative
PC106,1,003031 CH Equity,3.4141807794558874,positive
PC106,2,603799 CH Equity,-3.2489397224017087,negative
PC106,3,688262 CH Equity,2.6953545283782403,positive
PC106,4,300666 CH Equity,-2.687580987294751,negative
PC106,5,000938 CH Equity,-2.6279273617576444,negative
PC106,6,603690 CH Equity,-2.6173635796218906,negative
PC106,7,002241 CH Equity,2.5357987189720346,positive
PC106,8,300316 CH Equity,-2.2666404712163435,negative
PC106,9,688268 CH Equity,2.2141512389495164,positive
PC106,10,688375 CH Equity,-2.0625033748485713,negative
PC107,1,300393 CH Equity,3.42766174129458,positive
PC107,2,603730 CH Equity,-3.4069526722155645,negative
PC107,3,600895 CH Equity,-3.1406464332237554,negative
PC107,4,600498 CH Equity,-3.0159776704434758,negative
PC107,5,300724 CH Equity,-2.62711205512799,negative
PC107,6,300496 CH Equity,2.4921677997148968,positive
PC107,7,300118 CH Equity,-2.3702151097993798,negative
PC107,8,603662 CH Equity,-2.1669549208973433,negative
PC107,9,300693 CH Equity,2.1657240096297943,positive
PC107,10,603809 CH Equity,2.1513747810698627,positive
PC108,1,688981 CH Equity,-3.446870301692376,negative
PC108,2,002202 CH Equity,2.8591543400545967,positive
PC108,3,600547 CH Equity,-2.856413875894379,negative
PC108,4,000969 CH Equity,-2.6403191109608963,negative
PC108,5,603730 CH Equity,2.36776608193557,positive
PC108,6,601766 CH Equity,-2.330621777801792,negative
PC108,7,000423 CH Equity,-2.284726152343925,negative
PC108,8,300118 CH Equity,-2.1444151752084886,negative
PC108,9,300496 CH Equity,2.1340092446033965,positive
PC108,10,002065 CH Equity,2.089473280624913,positive
PC109,1,002623 CH Equity,4.241458157453013,positive
PC109,2,002463 CH Equity,-3.5412327902029457,negative
PC109,3,603019 CH Equity,-2.556423454908109,negative
PC109,4,688041 CH Equity,2.185682080900811,positive
PC109,5,300666 CH Equity,2.048147458267134,positive
PC109,6,000423 CH Equity,-2.0423590459854504,negative
PC109,7,300655 CH Equity,-1.9910787910342975,negative
PC109,8,600481 CH Equity,-1.9492372791623505,negative
PC109,9,000837 CH Equity,1.945908374551228,positive
PC109,10,002466 CH Equity,-1.9126540182039358,negative
PC110,1,300724 CH Equity,-3.360229395081576,negative
PC110,2,688981 CH Equity,-2.912337296737669,negative
PC110,3,300474 CH Equity,2.832756149827289,positive
PC110,4,002202 CH Equity,2.8156391556865836,positive
PC110,5,601211 CH Equity,-2.5809882825483377,negative
PC110,6,000837 CH Equity,-2.4201064778237256,negative
PC110,7,688223 CH Equity,-2.3707706304805685,negative
PC110,8,300316 CH Equity,2.3257629123810033,positive
PC110,9,603690 CH Equity,-2.1940726565292334,negative
PC110,10,688409 CH Equity,2.039502564992762,positive
PC111,1,002202 CH Equity,-2.533685401907838,negative
PC111,2,601211 CH Equity,-2.392222760924996,negative
PC111,3,000837 CH Equity,-2.3817056558871097,negative
PC111,4,600498 CH Equity,2.381195684692953,positive
PC111,5,688223 CH Equity,2.3630502281302688,positive
PC111,6,000333 CH Equity,2.3245200912949353,positive
PC111,7,688375 CH Equity,-2.270614737113148,negative
PC111,8,600895 CH Equity,2.003627617889563,positive
PC111,9,000651 CH Equity,1.9928430210758044,positive
PC111,10,600547 CH Equity,-1.9846924397862218,negative
